team,season,season_year,matches_played,wins,toss_wins,win_rate
Chennai Super Kings,2007/08,2007,16,9,5,56.25
Chennai Super Kings,2009,2009,14,8,7,57.14285714285714
Chennai Super Kings,2009/10,2009,16,9,10,56.25
Chennai Super Kings,2011,2011,16,11,9,68.75
Chennai Super Kings,2012,2012,18,10,7,55.55555555555556
Chennai Super Kings,2013,2013,18,12,8,66.66666666666666
Chennai Super Kings,2014,2014,16,10,10,62.5
Chennai Super Kings,2015,2015,17,10,10,58.82352941176471
Chennai Super Kings,2018,2018,16,11,11,68.75
Chennai Super Kings,2019,2019,17,10,12,58.82352941176471
Chennai Super Kings,2020/21,2020,14,6,8,42.857142857142854
Chennai Super Kings,2021,2021,16,11,6,68.75
Chennai Super Kings,2022,2022,14,4,6,28.57142857142857
Chennai Super Kings,2023,2023,16,10,10,62.5
Chennai Super Kings,2024,2024,14,7,3,50.0
Chennai Super Kings,2025,2025,14,4,6,28.57142857142857
Chennai Super Kings,2026,2026,10,5,2,50.0
Deccan Chargers,2007/08,2007,14,2,9,14.285714285714285
Deccan Chargers,2009,2009,16,9,10,56.25
Deccan Chargers,2009/10,2009,16,8,9,50.0
Deccan Chargers,2011,2011,14,6,6,42.857142857142854
Deccan Chargers,2012,2012,15,4,9,26.666666666666668
Delhi Capitals,2019,2019,16,9,10,56.25
Delhi Capitals,2020/21,2020,17,8,10,47.05882352941176
Delhi Capitals,2021,2021,16,9,8,56.25
Delhi Capitals,2022,2022,14,7,8,50.0
Delhi Capitals,2023,2023,14,5,7,35.714285714285715
Delhi Capitals,2024,2024,14,7,7,50.0
Delhi Capitals,2025,2025,15,6,8,40.0
Delhi Capitals,2026,2026,10,4,8,40.0
Delhi Daredevils,2007/08,2007,14,7,6,50.0
Delhi Daredevils,2009,2009,15,10,9,66.66666666666666
Delhi Daredevils,2009/10,2009,14,7,8,50.0
Delhi Daredevils,2011,2011,14,4,9,28.57142857142857
Delhi Daredevils,2012,2012,18,11,10,61.111111111111114
Delhi Daredevils,2013,2013,16,3,5,18.75
Delhi Daredevils,2014,2014,14,2,4,14.285714285714285
Delhi Daredevils,2015,2015,14,5,5,35.714285714285715
Delhi Daredevils,2016,2016,14,7,8,50.0
Delhi Daredevils,2017,2017,14,6,8,42.857142857142854
Delhi Daredevils,2018,2018,14,5,8,35.714285714285715
Gujarat Lions,2016,2016,16,9,8,56.25
Gujarat Lions,2017,2017,14,4,7,28.57142857142857
Gujarat Titans,2022,2022,16,12,10,75.0
Gujarat Titans,2023,2023,17,11,9,64.70588235294117
Gujarat Titans,2024,2024,12,5,3,41.66666666666667
Gujarat Titans,2025,2025,15,9,7,60.0
Gujarat Titans,2026,2026,10,6,5,60.0
Kings XI Punjab,2007/08,2007,15,10,8,66.66666666666666
Kings XI Punjab,2009,2009,14,7,6,50.0
Kings XI Punjab,2009/10,2009,14,3,5,21.428571428571427
Kings XI Punjab,2011,2011,14,7,10,50.0
Kings XI Punjab,2012,2012,16,8,8,50.0
Kings XI Punjab,2013,2013,16,8,7,50.0
Kings XI Punjab,2014,2014,17,12,7,70.58823529411765
Kings XI Punjab,2015,2015,14,2,7,14.285714285714285
Kings XI Punjab,2016,2016,14,4,6,28.57142857142857
Kings XI Punjab,2017,2017,14,7,4,50.0
Kings XI Punjab,2018,2018,14,6,7,42.857142857142854
Kings XI Punjab,2019,2019,14,6,6,42.857142857142854
Kings XI Punjab,2020/21,2020,14,5,4,35.714285714285715
Kochi Tuskers Kerala,2011,2011,14,6,8,42.857142857142854
Kolkata Knight Riders,2007/08,2007,13,6,6,46.15384615384615
Kolkata Knight Riders,2009,2009,13,3,7,23.076923076923077
Kolkata Knight Riders,2009/10,2009,14,7,7,50.0
Kolkata Knight Riders,2011,2011,15,8,7,53.333333333333336
Kolkata Knight Riders,2012,2012,17,12,7,70.58823529411765
Kolkata Knight Riders,2013,2013,16,6,12,37.5
Kolkata Knight Riders,2014,2014,16,11,9,68.75
Kolkata Knight Riders,2015,2015,13,7,8,53.84615384615385
Kolkata Knight Riders,2016,2016,15,8,6,53.333333333333336
Kolkata Knight Riders,2017,2017,16,9,9,56.25
Kolkata Knight Riders,2018,2018,16,9,9,56.25
Kolkata Knight Riders,2019,2019,14,6,5,42.857142857142854
Kolkata Knight Riders,2020/21,2020,14,6,6,42.857142857142854
Kolkata Knight Riders,2021,2021,17,9,8,52.94117647058824
Kolkata Knight Riders,2022,2022,14,6,8,42.857142857142854
Kolkata Knight Riders,2023,2023,14,6,5,42.857142857142854
Kolkata Knight Riders,2024,2024,14,11,3,78.57142857142857
Kolkata Knight Riders,2025,2025,13,5,6,38.46153846153847
Kolkata Knight Riders,2026,2026,9,2,4,22.22222222222222
Lucknow Super Giants,2022,2022,15,9,7,60.0
Lucknow Super Giants,2023,2023,15,8,3,53.333333333333336
Lucknow Super Giants,2024,2024,14,7,9,50.0
Lucknow Super Giants,2025,2025,14,6,5,42.857142857142854
Lucknow Super Giants,2026,2026,9,2,5,22.22222222222222
Mumbai Indians,2007/08,2007,14,7,8,50.0
Mumbai Indians,2009,2009,13,5,6,38.46153846153847
Mumbai Indians,2009/10,2009,16,11,9,68.75
Mumbai Indians,2011,2011,16,10,6,62.5
Mumbai Indians,2012,2012,17,10,11,58.82352941176471
Mumbai Indians,2013,2013,19,13,12,68.42105263157895
Mumbai Indians,2014,2014,15,7,6,46.666666666666664
Mumbai Indians,2015,2015,16,10,7,62.5
Mumbai Indians,2016,2016,14,7,9,50.0
Mumbai Indians,2017,2017,17,11,11,64.70588235294117
Mumbai Indians,2018,2018,14,6,5,42.857142857142854
Mumbai Indians,2019,2019,16,10,8,62.5
Mumbai Indians,2020/21,2020,16,11,8,68.75
Mumbai Indians,2021,2021,14,7,8,50.0
Mumbai Indians,2022,2022,14,4,9,28.57142857142857
Mumbai Indians,2023,2023,16,9,10,56.25
Mumbai Indians,2024,2024,14,4,10,28.57142857142857
Mumbai Indians,2025,2025,16,9,8,56.25
Mumbai Indians,2026,2026,10,3,7,30.0
Pune Warriors,2011,2011,14,4,5,28.57142857142857
Pune Warriors,2012,2012,16,4,6,25.0
Pune Warriors,2013,2013,16,4,9,25.0
Punjab Kings,2021,2021,14,6,5,42.857142857142854
Punjab Kings,2022,2022,14,7,4,50.0
Punjab Kings,2023,2023,14,6,5,42.857142857142854
Punjab Kings,2024,2024,14,5,10,35.714285714285715
Punjab Kings,2025,2025,18,10,13,55.55555555555556
Punjab Kings,2026,2026,10,6,5,60.0
Rajasthan Royals,2007/08,2007,16,13,11,81.25
Rajasthan Royals,2009,2009,13,5,4,38.46153846153847
Rajasthan Royals,2009/10,2009,14,6,6,42.857142857142854
Rajasthan Royals,2011,2011,13,6,7,46.15384615384615
Rajasthan Royals,2012,2012,16,7,10,43.75
Rajasthan Royals,2013,2013,18,11,11,61.111111111111114
Rajasthan Royals,2014,2014,14,6,8,42.857142857142854
Rajasthan Royals,2015,2015,14,7,6,50.0
Rajasthan Royals,2018,2018,15,7,6,46.666666666666664
Rajasthan Royals,2019,2019,14,5,11,35.714285714285715
Rajasthan Royals,2020/21,2020,14,6,7,42.857142857142854
Rajasthan Royals,2021,2021,14,5,8,35.714285714285715
Rajasthan Royals,2022,2022,17,10,4,58.82352941176471
Rajasthan Royals,2023,2023,14,7,10,50.0
Rajasthan Royals,2024,2024,15,9,11,60.0
Rajasthan Royals,2025,2025,14,4,7,28.57142857142857
Rajasthan Royals,2026,2026,10,6,7,60.0
Rising Pune Supergiant,2017,2017,16,10,6,62.5
Rising Pune Supergiants,2016,2016,14,5,7,35.714285714285715
Royal Challengers Bangalore,2007/08,2007,14,4,5,28.57142857142857
Royal Challengers Bangalore,2009,2009,16,9,8,56.25
Royal Challengers Bangalore,2009/10,2009,16,8,6,50.0
Royal Challengers Bangalore,2011,2011,16,10,6,62.5
Royal Challengers Bangalore,2012,2012,15,8,6,53.333333333333336
Royal Challengers Bangalore,2013,2013,16,8,5,50.0
Royal Challengers Bangalore,2014,2014,14,5,9,35.714285714285715
Royal Challengers Bangalore,2015,2015,16,8,10,50.0
Royal Challengers Bangalore,2016,2016,16,9,6,56.25
Royal Challengers Bangalore,2017,2017,13,3,9,23.076923076923077
Royal Challengers Bangalore,2018,2018,14,6,7,42.857142857142854
Royal Challengers Bangalore,2019,2019,14,5,4,35.714285714285715
Royal Challengers Bangalore,2020/21,2020,15,6,6,40.0
Royal Challengers Bangalore,2021,2021,15,9,10,60.0
Royal Challengers Bangalore,2022,2022,16,9,8,56.25
Royal Challengers Bangalore,2023,2023,14,7,8,50.0
Royal Challengers Bengaluru,2024,2024,15,7,8,46.666666666666664
Royal Challengers Bengaluru,2025,2025,15,11,7,73.33333333333333
Royal Challengers Bengaluru,2026,2026,9,6,4,66.66666666666666
Sunrisers Hyderabad,2013,2013,17,9,7,52.94117647058824
Sunrisers Hyderabad,2014,2014,14,6,7,42.857142857142854
Sunrisers Hyderabad,2015,2015,14,7,6,50.0
Sunrisers Hyderabad,2016,2016,17,11,10,64.70588235294117
Sunrisers Hyderabad,2017,2017,14,8,5,57.14285714285714
Sunrisers Hyderabad,2018,2018,17,10,7,58.82352941176471
Sunrisers Hyderabad,2019,2019,15,6,4,40.0
Sunrisers Hyderabad,2020/21,2020,16,8,11,50.0
Sunrisers Hyderabad,2021,2021,14,3,7,21.428571428571427
Sunrisers Hyderabad,2022,2022,14,6,10,42.857142857142854
Sunrisers Hyderabad,2023,2023,14,4,7,28.57142857142857
Sunrisers Hyderabad,2024,2024,16,9,7,56.25
Sunrisers Hyderabad,2025,2025,14,6,7,42.857142857142854
Sunrisers Hyderabad,2026,2026,11,7,2,63.63636363636363
